variant,detector,x_enhancement_var,y_structure_delta,n,pearson,spearman
D01_structure_flow,diffusionedge_baseline_50k,mean_abs_bgr_delta,delta_boundary_f1_tol,168,-0.036604633292736194,-0.011624515252592166
D01_structure_flow,diffusionedge_baseline_50k,mean_abs_bgr_delta,delta_boundary_precision_tol,168,-0.037042365180968734,-0.03933302667984647
D01_structure_flow,diffusionedge_baseline_50k,mean_abs_bgr_delta,delta_boundary_recall_tol,168,-0.022364283649026227,0.02517694909823657
D01_structure_flow,diffusionedge_baseline_50k,mean_abs_bgr_delta,delta_false_edge_ratio_tol,168,0.03704236518096884,0.03933302667984647
D01_structure_flow,diffusionedge_baseline_50k,mean_abs_bgr_delta,delta_endpoints_per_1k_skel_px,168,-0.03168439476737787,-0.026191604404305686
D01_structure_flow,diffusionedge_baseline_50k,mean_abs_bgr_delta,delta_pred_edge_density,168,0.04548222366789744,0.006102241019504873
D01_structure_flow,diffusionedge_baseline_50k,mean_abs_luma_delta,delta_boundary_f1_tol,168,0.04930766406838538,-0.025124458072240393
D01_structure_flow,diffusionedge_baseline_50k,mean_abs_luma_delta,delta_boundary_precision_tol,168,-0.0521019309624174,-0.11764102930239165
D01_structure_flow,diffusionedge_baseline_50k,mean_abs_luma_delta,delta_boundary_recall_tol,168,0.1654863724337252,0.1434454145835077
D01_structure_flow,diffusionedge_baseline_50k,mean_abs_luma_delta,delta_false_edge_ratio_tol,168,0.05210193096241772,0.11764102930239165
D01_structure_flow,diffusionedge_baseline_50k,mean_abs_luma_delta,delta_endpoints_per_1k_skel_px,168,0.08426875053124935,0.09085801506256055
D01_structure_flow,diffusionedge_baseline_50k,mean_abs_luma_delta,delta_pred_edge_density,168,0.3953578984037714,0.296218304368927
D01_structure_flow,diffusionedge_baseline_50k,mean_abs_chroma_delta,delta_boundary_f1_tol,168,0.027797309182424564,-0.0010718445916552976
D01_structure_flow,diffusionedge_baseline_50k,mean_abs_chroma_delta,delta_boundary_precision_tol,168,0.004221709397044009,-0.017244422963974902
D01_structure_flow,diffusionedge_baseline_50k,mean_abs_chroma_delta,delta_boundary_recall_tol,168,0.011339832771609354,-0.0678146194625006
D01_structure_flow,diffusionedge_baseline_50k,mean_abs_chroma_delta,delta_false_edge_ratio_tol,168,-0.0042217093970441915,0.017244422963974902
D01_structure_flow,diffusionedge_baseline_50k,mean_abs_chroma_delta,delta_endpoints_per_1k_skel_px,168,-0.06664015417912521,-0.03978701229101719
D01_structure_flow,diffusionedge_baseline_50k,mean_abs_chroma_delta,delta_pred_edge_density,168,0.039779429169580306,-0.016876708053943798
D01_structure_flow,diffusionedge_baseline_50k,psnr_vs_raw,delta_boundary_f1_tol,168,0.010913018991899934,0.00039735442949204663
D01_structure_flow,diffusionedge_baseline_50k,psnr_vs_raw,delta_boundary_precision_tol,168,0.02653614077755117,0.04356978664780626
D01_structure_flow,diffusionedge_baseline_50k,psnr_vs_raw,delta_boundary_recall_tol,168,-0.01827696660867598,-0.08321076346653195
D01_structure_flow,diffusionedge_baseline_50k,psnr_vs_raw,delta_false_edge_ratio_tol,168,-0.026536140777551114,-0.04356978664780626
D01_structure_flow,diffusionedge_baseline_50k,psnr_vs_raw,delta_endpoints_per_1k_skel_px,168,-0.03730203473373895,-0.01865279739945626
D01_structure_flow,diffusionedge_baseline_50k,psnr_vs_raw,delta_pred_edge_density,168,-0.2088257755113061,-0.07255997373192678
D01_structure_flow,diffusionedge_baseline_50k,grad_mean_ratio,delta_boundary_f1_tol,168,-0.035170964964702046,-0.030104027143905403
D01_structure_flow,diffusionedge_baseline_50k,grad_mean_ratio,delta_boundary_precision_tol,168,0.04295744943390793,0.016897686933144262
D01_structure_flow,diffusionedge_baseline_50k,grad_mean_ratio,delta_boundary_recall_tol,168,-0.10470212597844991,-0.14794926655625945
D01_structure_flow,diffusionedge_baseline_50k,grad_mean_ratio,delta_false_edge_ratio_tol,168,-0.04295744943390781,-0.016897686933144262
D01_structure_flow,diffusionedge_baseline_50k,grad_mean_ratio,delta_endpoints_per_1k_skel_px,168,-0.07641923398662365,-0.05161655046913516
D01_structure_flow,diffusionedge_baseline_50k,grad_mean_ratio,delta_pred_edge_density,168,-0.22300149605009428,-0.3505498286204785
D01_structure_flow,diffusionedge_baseline_50k,luma_std_ratio,delta_boundary_f1_tol,168,-0.0428268779103149,-0.01604476691569955
D01_structure_flow,diffusionedge_baseline_50k,luma_std_ratio,delta_boundary_precision_tol,168,-0.09069912127369646,-0.057987172046541566
D01_structure_flow,diffusionedge_baseline_50k,luma_std_ratio,delta_boundary_recall_tol,168,0.03415632890541368,0.0009233536498374595
D01_structure_flow,diffusionedge_baseline_50k,luma_std_ratio,delta_false_edge_ratio_tol,168,0.0906991212736964,0.057987172046541566
D01_structure_flow,diffusionedge_baseline_50k,luma_std_ratio,delta_endpoints_per_1k_skel_px,168,-0.05958904120826061,-0.06262320869621532
D01_structure_flow,diffusionedge_baseline_50k,luma_std_ratio,delta_pred_edge_density,168,0.08202500680811997,-0.0023145995073982606
D01_structure_flow,msfi_50k,mean_abs_bgr_delta,delta_boundary_f1_tol,168,0.0323485892406509,0.008293745903776305
D01_structure_flow,msfi_50k,mean_abs_bgr_delta,delta_boundary_precision_tol,168,-0.009098083793257316,0.0025131796406621517
D01_structure_flow,msfi_50k,mean_abs_bgr_delta,delta_boundary_recall_tol,168,0.08958590457041646,0.07643720718096929
D01_structure_flow,msfi_50k,mean_abs_bgr_delta,delta_false_edge_ratio_tol,168,0.009098083793257447,-0.0025131796406621517
D01_structure_flow,msfi_50k,mean_abs_bgr_delta,delta_endpoints_per_1k_skel_px,168,0.10836225671405071,0.11622346399274272
D01_structure_flow,msfi_50k,mean_abs_bgr_delta,delta_pred_edge_density,168,-0.020490856684105913,0.06266759298181399
D01_structure_flow,msfi_50k,mean_abs_luma_delta,delta_boundary_f1_tol,168,-0.09945718976231178,-0.15281179551199242
D01_structure_flow,msfi_50k,mean_abs_luma_delta,delta_boundary_precision_tol,168,0.1301893438997716,0.11722737647378158
D01_structure_flow,msfi_50k,mean_abs_luma_delta,delta_boundary_recall_tol,168,-0.27987118793983534,-0.3141889530848436
D01_structure_flow,msfi_50k,mean_abs_luma_delta,delta_false_edge_ratio_tol,168,-0.1301893438997713,-0.11722737647378158
D01_structure_flow,msfi_50k,mean_abs_luma_delta,delta_endpoints_per_1k_skel_px,168,-0.0778062316120203,-0.17763588400913957
D01_structure_flow,msfi_50k,mean_abs_luma_delta,delta_pred_edge_density,168,-0.4586228968146834,-0.5458165793460469
D01_structure_flow,msfi_50k,mean_abs_chroma_delta,delta_boundary_f1_tol,168,-0.00040221114819347434,0.03322560153334615
D01_structure_flow,msfi_50k,mean_abs_chroma_delta,delta_boundary_precision_tol,168,-0.055757391369587433,-0.029515308126286017
D01_structure_flow,msfi_50k,mean_abs_chroma_delta,delta_boundary_recall_tol,168,0.123038062879759,0.12922849199663822
D01_structure_flow,msfi_50k,mean_abs_chroma_delta,delta_false_edge_ratio_tol,168,0.05575739136958723,0.029515308126286017
D01_structure_flow,msfi_50k,mean_abs_chroma_delta,delta_endpoints_per_1k_skel_px,168,0.06485460769155413,0.10108736103979814
D01_structure_flow,msfi_50k,mean_abs_chroma_delta,delta_pred_edge_density,168,0.004134863957737157,0.07479945788865641
D01_structure_flow,msfi_50k,psnr_vs_raw,delta_boundary_f1_tol,168,-0.027970880698657365,-0.015291673100584815
D01_structure_flow,msfi_50k,psnr_vs_raw,delta_boundary_precision_tol,168,-0.08618208961685402,-0.103027710787588
D01_structure_flow,msfi_50k,psnr_vs_raw,delta_boundary_recall_tol,168,0.05095477952863639,0.04377456676916254
D01_structure_flow,msfi_50k,psnr_vs_raw,delta_false_edge_ratio_tol,168,0.08618208961685386,0.103027710787588
D01_structure_flow,msfi_50k,psnr_vs_raw,delta_endpoints_per_1k_skel_px,168,-0.018368954981834933,-0.03660591667264122
D01_structure_flow,msfi_50k,psnr_vs_raw,delta_pred_edge_density,168,0.28768356247992116,0.1929759957060439
D01_structure_flow,msfi_50k,grad_mean_ratio,delta_boundary_f1_tol,168,0.07127573590037689,0.07942710640775459
D01_structure_flow,msfi_50k,grad_mean_ratio,delta_boundary_precision_tol,168,-0.1291913099378069,-0.17054442103325188
D01_structure_flow,msfi_50k,grad_mean_ratio,delta_boundary_recall_tol,168,0.2547564692541689,0.30611365960081227
D01_structure_flow,msfi_50k,grad_mean_ratio,delta_false_edge_ratio_tol,168,0.12919130993780684,0.17054442103325188
D01_structure_flow,msfi_50k,grad_mean_ratio,delta_endpoints_per_1k_skel_px,168,0.02832539368774398,0.1932180373046887
D01_structure_flow,msfi_50k,grad_mean_ratio,delta_pred_edge_density,168,0.2844493128112688,0.5576203474705451
D01_structure_flow,msfi_50k,luma_std_ratio,delta_boundary_f1_tol,168,-0.08649465360176682,-0.048360359087384085
D01_structure_flow,msfi_50k,luma_std_ratio,delta_boundary_precision_tol,168,-0.06740393172212374,-0.05651996750782193
D01_structure_flow,msfi_50k,luma_std_ratio,delta_boundary_recall_tol,168,-0.014372097734375118,0.025994199981629416
D01_structure_flow,msfi_50k,luma_std_ratio,delta_false_edge_ratio_tol,168,0.06740393172212363,0.05651996750782193
D01_structure_flow,msfi_50k,luma_std_ratio,delta_endpoints_per_1k_skel_px,168,-0.08152107957190187,0.05298150342159656
D01_structure_flow,msfi_50k,luma_std_ratio,delta_pred_edge_density,168,0.06012100503072433,0.18268789080434067
FF01_full_flow_v8,diffusionedge_baseline_50k,mean_abs_bgr_delta,delta_boundary_f1_tol,168,-0.2983756079473062,-0.0472993151482327
FF01_full_flow_v8,diffusionedge_baseline_50k,mean_abs_bgr_delta,delta_boundary_precision_tol,168,-0.3421511092416376,-0.14361134029489625
FF01_full_flow_v8,diffusionedge_baseline_50k,mean_abs_bgr_delta,delta_boundary_recall_tol,168,0.1289308150447472,0.22671951131868004
FF01_full_flow_v8,diffusionedge_baseline_50k,mean_abs_bgr_delta,delta_false_edge_ratio_tol,168,0.34215110924163766,0.14361134029489625
FF01_full_flow_v8,diffusionedge_baseline_50k,mean_abs_bgr_delta,delta_endpoints_per_1k_skel_px,168,0.3641126937783397,0.11798193244353183
FF01_full_flow_v8,diffusionedge_baseline_50k,mean_abs_bgr_delta,delta_pred_edge_density,168,0.2801386918698698,0.20722129248966584
FF01_full_flow_v8,diffusionedge_baseline_50k,mean_abs_luma_delta,delta_boundary_f1_tol,168,-0.3093337693835172,-0.03880826681379422
FF01_full_flow_v8,diffusionedge_baseline_50k,mean_abs_luma_delta,delta_boundary_precision_tol,168,-0.2909556634081854,-0.10978381360693659
FF01_full_flow_v8,diffusionedge_baseline_50k,mean_abs_luma_delta,delta_boundary_recall_tol,168,-0.022728922342262238,0.17950198428227915
FF01_full_flow_v8,diffusionedge_baseline_50k,mean_abs_luma_delta,delta_false_edge_ratio_tol,168,0.2909556634081855,0.10978381360693659
FF01_full_flow_v8,diffusionedge_baseline_50k,mean_abs_luma_delta,delta_endpoints_per_1k_skel_px,168,0.45736206800454937,0.09042690410121021
FF01_full_flow_v8,diffusionedge_baseline_50k,mean_abs_luma_delta,delta_pred_edge_density,168,0.11897136535802721,0.11746416404011371
FF01_full_flow_v8,diffusionedge_baseline_50k,mean_abs_chroma_delta,delta_boundary_f1_tol,168,-0.07643403479416071,0.01693907198283062
FF01_full_flow_v8,diffusionedge_baseline_50k,mean_abs_chroma_delta,delta_boundary_precision_tol,168,-0.12737014708200212,-0.0865808535085366
FF01_full_flow_v8,diffusionedge_baseline_50k,mean_abs_chroma_delta,delta_boundary_recall_tol,168,0.20418848543196047,0.24706745198849087
FF01_full_flow_v8,diffusionedge_baseline_50k,mean_abs_chroma_delta,delta_false_edge_ratio_tol,168,0.1273701470820021,0.0865808535085366
FF01_full_flow_v8,diffusionedge_baseline_50k,mean_abs_chroma_delta,delta_endpoints_per_1k_skel_px,168,0.20934488872376222,0.09653770398991926
FF01_full_flow_v8,diffusionedge_baseline_50k,mean_abs_chroma_delta,delta_pred_edge_density,168,0.24989851338729116,0.16121711017136137
FF01_full_flow_v8,diffusionedge_baseline_50k,psnr_vs_raw,delta_boundary_f1_tol,168,0.1979677663078175,0.03129413193899606
FF01_full_flow_v8,diffusionedge_baseline_50k,psnr_vs_raw,delta_boundary_precision_tol,168,0.2702203949874189,0.12540177464175623
FF01_full_flow_v8,diffusionedge_baseline_50k,psnr_vs_raw,delta_boundary_recall_tol,168,-0.19580805664000842,-0.24257755463974504
FF01_full_flow_v8,diffusionedge_baseline_50k,psnr_vs_raw,delta_false_edge_ratio_tol,168,-0.27022039498741884,-0.12540177464175623
FF01_full_flow_v8,diffusionedge_baseline_50k,psnr_vs_raw,delta_endpoints_per_1k_skel_px,168,-0.1893910050028156,-0.10735428897657383
FF01_full_flow_v8,diffusionedge_baseline_50k,psnr_vs_raw,delta_pred_edge_density,168,-0.3709731519896155,-0.17670369165376798
FF01_full_flow_v8,diffusionedge_baseline_50k,grad_mean_ratio,delta_boundary_f1_tol,168,-0.22760189291715846,0.10612671529299811
FF01_full_flow_v8,diffusionedge_baseline_50k,grad_mean_ratio,delta_boundary_precision_tol,168,-0.2584492126611786,-0.00019487651915104702
FF01_full_flow_v8,diffusionedge_baseline_50k,grad_mean_ratio,delta_boundary_recall_tol,168,0.19364622048107344,0.30802878577642295
FF01_full_flow_v8,diffusionedge_baseline_50k,grad_mean_ratio,delta_false_edge_ratio_tol,168,0.25844921266117865,0.00019487651915104702
FF01_full_flow_v8,diffusionedge_baseline_50k,grad_mean_ratio,delta_endpoints_per_1k_skel_px,168,0.3274364657217428,-0.08024561912373665
FF01_full_flow_v8,diffusionedge_baseline_50k,grad_mean_ratio,delta_pred_edge_density,168,0.16277655634176166,0.15956443200368503
FF01_full_flow_v8,diffusionedge_baseline_50k,luma_std_ratio,delta_boundary_f1_tol,168,-0.21901717089448658,0.033369440324760455
FF01_full_flow_v8,diffusionedge_baseline_50k,luma_std_ratio,delta_boundary_precision_tol,168,-0.31287250514051035,-0.10043986414322664
FF01_full_flow_v8,diffusionedge_baseline_50k,luma_std_ratio,delta_boundary_recall_tol,168,0.2934088029607743,0.3560305854418586
FF01_full_flow_v8,diffusionedge_baseline_50k,luma_std_ratio,delta_false_edge_ratio_tol,168,0.3128725051405103,0.10043986414322664
FF01_full_flow_v8,diffusionedge_baseline_50k,luma_std_ratio,delta_endpoints_per_1k_skel_px,168,0.21957578813315382,-0.004471193278188038
FF01_full_flow_v8,diffusionedge_baseline_50k,luma_std_ratio,delta_pred_edge_density,168,0.2000337567967458,0.23122562033243188
FF01_full_flow_v8,msfi_50k,mean_abs_bgr_delta,delta_boundary_f1_tol,168,-0.28801241199812816,-0.12959574408893476
FF01_full_flow_v8,msfi_50k,mean_abs_bgr_delta,delta_boundary_precision_tol,168,-0.32444433001106243,-0.2168424356090271
FF01_full_flow_v8,msfi_50k,mean_abs_bgr_delta,delta_boundary_recall_tol,168,0.19844030878754673,0.18592627402992176
FF01_full_flow_v8,msfi_50k,mean_abs_bgr_delta,delta_false_edge_ratio_tol,168,0.3244443300110623,0.2168424356090271
FF01_full_flow_v8,msfi_50k,mean_abs_bgr_delta,delta_endpoints_per_1k_skel_px,168,0.25336104431457535,0.22512771482072927
FF01_full_flow_v8,msfi_50k,mean_abs_bgr_delta,delta_pred_edge_density,168,0.17449704686730863,0.15635811898346919
FF01_full_flow_v8,msfi_50k,mean_abs_luma_delta,delta_boundary_f1_tol,168,-0.240918901058137,-0.10424401639024986
FF01_full_flow_v8,msfi_50k,mean_abs_luma_delta,delta_boundary_precision_tol,168,-0.2511336858392382,-0.15012110214387483
FF01_full_flow_v8,msfi_50k,mean_abs_luma_delta,delta_boundary_recall_tol,168,0.11185110695409545,0.06001913937964027
FF01_full_flow_v8,msfi_50k,mean_abs_luma_delta,delta_false_edge_ratio_tol,168,0.2511336858392382,0.15012110214387483
FF01_full_flow_v8,msfi_50k,mean_abs_luma_delta,delta_endpoints_per_1k_skel_px,168,0.11805923636467291,0.12207814254150291
FF01_full_flow_v8,msfi_50k,mean_abs_luma_delta,delta_pred_edge_density,168,0.06667454305192697,0.05009124067210001
FF01_full_flow_v8,msfi_50k,mean_abs_chroma_delta,delta_boundary_f1_tol,168,-0.07966682737722555,-0.06476243986040214
FF01_full_flow_v8,msfi_50k,mean_abs_chroma_delta,delta_boundary_precision_tol,168,-0.11418795878700212,-0.1443785574550143
FF01_full_flow_v8,msfi_50k,mean_abs_chroma_delta,delta_boundary_recall_tol,168,0.21040960286293706,0.16592798157801447
FF01_full_flow_v8,msfi_50k,mean_abs_chroma_delta,delta_false_edge_ratio_tol,168,0.11418795878700215,0.1443785574550143
FF01_full_flow_v8,msfi_50k,mean_abs_chroma_delta,delta_endpoints_per_1k_skel_px,168,0.19536149099539632,0.17930513568947723
FF01_full_flow_v8,msfi_50k,mean_abs_chroma_delta,delta_pred_edge_density,168,0.11957357255443397,0.08885649281338388
FF01_full_flow_v8,msfi_50k,psnr_vs_raw,delta_boundary_f1_tol,168,0.21947844949799414,0.11794867901262969
FF01_full_flow_v8,msfi_50k,psnr_vs_raw,delta_boundary_precision_tol,168,0.2603625702730619,0.1986454782212319
FF01_full_flow_v8,msfi_50k,psnr_vs_raw,delta_boundary_recall_tol,168,-0.18008621468864505,-0.18335449949457017
FF01_full_flow_v8,msfi_50k,psnr_vs_raw,delta_false_edge_ratio_tol,168,-0.26036257027306203,-0.1986454782212319
FF01_full_flow_v8,msfi_50k,psnr_vs_raw,delta_endpoints_per_1k_skel_px,168,-0.2523411286299815,-0.22842048480524496
FF01_full_flow_v8,msfi_50k,psnr_vs_raw,delta_pred_edge_density,168,-0.24819974296146624,-0.1309360202577077
FF01_full_flow_v8,msfi_50k,grad_mean_ratio,delta_boundary_f1_tol,168,-0.0583664970197991,0.032934215088647974
FF01_full_flow_v8,msfi_50k,grad_mean_ratio,delta_boundary_precision_tol,168,-0.07222686984804384,0.013449044723051974
FF01_full_flow_v8,msfi_50k,grad_mean_ratio,delta_boundary_recall_tol,168,0.11249101174240371,0.09817947215741929
FF01_full_flow_v8,msfi_50k,grad_mean_ratio,delta_false_edge_ratio_tol,168,0.07222686984804381,-0.013449044723051974
FF01_full_flow_v8,msfi_50k,grad_mean_ratio,delta_endpoints_per_1k_skel_px,168,0.0411203744586163,0.018175784839151114
FF01_full_flow_v8,msfi_50k,grad_mean_ratio,delta_pred_edge_density,168,0.036468989092893984,-0.06928974033701751
FF01_full_flow_v8,msfi_50k,luma_std_ratio,delta_boundary_f1_tol,168,-0.20308495264232135,-0.08539915620811869
FF01_full_flow_v8,msfi_50k,luma_std_ratio,delta_boundary_precision_tol,168,-0.22301988802587905,-0.11519509213670186
FF01_full_flow_v8,msfi_50k,luma_std_ratio,delta_boundary_recall_tol,168,0.10884035632135557,0.07619680153871143
FF01_full_flow_v8,msfi_50k,luma_std_ratio,delta_false_edge_ratio_tol,168,0.22301988802587894,0.11519509213670186
FF01_full_flow_v8,msfi_50k,luma_std_ratio,delta_endpoints_per_1k_skel_px,168,0.16348289795879067,0.13398149967145678
FF01_full_flow_v8,msfi_50k,luma_std_ratio,delta_pred_edge_density,168,0.08834156309997568,0.06298388549354747
FF02_detector_compatible,diffusionedge_baseline_50k,mean_abs_bgr_delta,delta_boundary_f1_tol,168,-0.19711674118442118,-0.028545613759800772
FF02_detector_compatible,diffusionedge_baseline_50k,mean_abs_bgr_delta,delta_boundary_precision_tol,168,-0.29864710673456835,-0.15738177069360856
FF02_detector_compatible,diffusionedge_baseline_50k,mean_abs_bgr_delta,delta_boundary_recall_tol,168,0.21832865571820992,0.26741860353164415
FF02_detector_compatible,diffusionedge_baseline_50k,mean_abs_bgr_delta,delta_false_edge_ratio_tol,168,0.29864710673456846,0.15738177069360856
FF02_detector_compatible,diffusionedge_baseline_50k,mean_abs_bgr_delta,delta_endpoints_per_1k_skel_px,168,0.26508878822276555,0.09699448015336261
FF02_detector_compatible,diffusionedge_baseline_50k,mean_abs_bgr_delta,delta_pred_edge_density,168,0.29858712433106677,0.2690111169636715
FF02_detector_compatible,diffusionedge_baseline_50k,mean_abs_luma_delta,delta_boundary_f1_tol,168,-0.10160681604926143,-0.22429162656831153
FF02_detector_compatible,diffusionedge_baseline_50k,mean_abs_luma_delta,delta_boundary_precision_tol,168,-0.0770241011260547,-0.2235500829807969
FF02_detector_compatible,diffusionedge_baseline_50k,mean_abs_luma_delta,delta_boundary_recall_tol,168,-0.07162890533494622,0.01347520005053315
FF02_detector_compatible,diffusionedge_baseline_50k,mean_abs_luma_delta,delta_false_edge_ratio_tol,168,0.07702410112605468,0.2235500829807969
FF02_detector_compatible,diffusionedge_baseline_50k,mean_abs_luma_delta,delta_endpoints_per_1k_skel_px,168,0.3523250681573149,0.1289123459987144
FF02_detector_compatible,diffusionedge_baseline_50k,mean_abs_luma_delta,delta_pred_edge_density,168,0.027937807295164208,0.08650723298458195
FF02_detector_compatible,diffusionedge_baseline_50k,mean_abs_chroma_delta,delta_boundary_f1_tol,168,-0.016208051454529485,0.018138701464357844
FF02_detector_compatible,diffusionedge_baseline_50k,mean_abs_chroma_delta,delta_boundary_precision_tol,168,-0.10311241048385134,-0.10873097423074392
FF02_detector_compatible,diffusionedge_baseline_50k,mean_abs_chroma_delta,delta_boundary_recall_tol,168,0.23482204660161204,0.2545311130849424
FF02_detector_compatible,diffusionedge_baseline_50k,mean_abs_chroma_delta,delta_false_edge_ratio_tol,168,0.10311241048385128,0.10873097423074392
FF02_detector_compatible,diffusionedge_baseline_50k,mean_abs_chroma_delta,delta_endpoints_per_1k_skel_px,168,0.12389171842352943,0.08249816391006001
FF02_detector_compatible,diffusionedge_baseline_50k,mean_abs_chroma_delta,delta_pred_edge_density,168,0.2700237748455161,0.23561472221816976
FF02_detector_compatible,diffusionedge_baseline_50k,psnr_vs_raw,delta_boundary_f1_tol,168,0.13446406169726985,0.006509381912421986
FF02_detector_compatible,diffusionedge_baseline_50k,psnr_vs_raw,delta_boundary_precision_tol,168,0.24736063770929967,0.14564868572238449
FF02_detector_compatible,diffusionedge_baseline_50k,psnr_vs_raw,delta_boundary_recall_tol,168,-0.2352302588838345,-0.29939081287195796
FF02_detector_compatible,diffusionedge_baseline_50k,psnr_vs_raw,delta_false_edge_ratio_tol,168,-0.24736063770929986,-0.14564868572238449
FF02_detector_compatible,diffusionedge_baseline_50k,psnr_vs_raw,delta_endpoints_per_1k_skel_px,168,-0.15530887587048295,-0.08843349360190333
FF02_detector_compatible,diffusionedge_baseline_50k,psnr_vs_raw,delta_pred_edge_density,168,-0.37786983763085713,-0.2719823850043838
FF02_detector_compatible,diffusionedge_baseline_50k,grad_mean_ratio,delta_boundary_f1_tol,168,0.15176846133634078,0.2523650923006059
FF02_detector_compatible,diffusionedge_baseline_50k,grad_mean_ratio,delta_boundary_precision_tol,168,0.11804673369786703,0.17933701489666481
FF02_detector_compatible,diffusionedge_baseline_50k,grad_mean_ratio,delta_boundary_recall_tol,168,0.18351974772442892,0.2483059291273017
FF02_detector_compatible,diffusionedge_baseline_50k,grad_mean_ratio,delta_false_edge_ratio_tol,168,-0.11804673369786697,-0.17933701489666481
FF02_detector_compatible,diffusionedge_baseline_50k,grad_mean_ratio,delta_endpoints_per_1k_skel_px,168,-0.11795430863188841,-0.17418041612028468
FF02_detector_compatible,diffusionedge_baseline_50k,grad_mean_ratio,delta_pred_edge_density,168,0.13290847250281176,-0.010541168134213545
FF02_detector_compatible,diffusionedge_baseline_50k,luma_std_ratio,delta_boundary_f1_tol,168,-0.03333178857042777,0.15435991921482478
FF02_detector_compatible,diffusionedge_baseline_50k,luma_std_ratio,delta_boundary_precision_tol,168,-0.1375099194883793,0.005509690677815966
FF02_detector_compatible,diffusionedge_baseline_50k,luma_std_ratio,delta_boundary_recall_tol,168,0.23360854965195194,0.38951302594151305
FF02_detector_compatible,diffusionedge_baseline_50k,luma_std_ratio,delta_false_edge_ratio_tol,168,0.1375099194883793,-0.005509690677815966
FF02_detector_compatible,diffusionedge_baseline_50k,luma_std_ratio,delta_endpoints_per_1k_skel_px,168,0.03158399330916306,-0.09187134011359963
FF02_detector_compatible,diffusionedge_baseline_50k,luma_std_ratio,delta_pred_edge_density,168,0.27509714146663256,0.21241276330570813
FF02_detector_compatible,msfi_50k,mean_abs_bgr_delta,delta_boundary_f1_tol,168,-0.2063437873579619,-0.05896697075306678
FF02_detector_compatible,msfi_50k,mean_abs_bgr_delta,delta_boundary_precision_tol,168,-0.2647507297156971,-0.14036259916584762
FF02_detector_compatible,msfi_50k,mean_abs_bgr_delta,delta_boundary_recall_tol,168,0.2063526939623639,0.19654793271167673
FF02_detector_compatible,msfi_50k,mean_abs_bgr_delta,delta_false_edge_ratio_tol,168,0.2647507297156972,0.14036259916584762
FF02_detector_compatible,msfi_50k,mean_abs_bgr_delta,delta_endpoints_per_1k_skel_px,168,0.2701936460804375,0.23834553672543593
FF02_detector_compatible,msfi_50k,mean_abs_bgr_delta,delta_pred_edge_density,168,0.17637039270324587,0.14158573083608844
FF02_detector_compatible,msfi_50k,mean_abs_luma_delta,delta_boundary_f1_tol,168,-0.07405449766211107,-0.13764325580411935
FF02_detector_compatible,msfi_50k,mean_abs_luma_delta,delta_boundary_precision_tol,168,-0.08634472083999671,-0.1443627461859295
FF02_detector_compatible,msfi_50k,mean_abs_luma_delta,delta_boundary_recall_tol,168,0.03758736191985227,0.04751784238382936
FF02_detector_compatible,msfi_50k,mean_abs_luma_delta,delta_false_edge_ratio_tol,168,0.08634472083999672,0.1443627461859295
FF02_detector_compatible,msfi_50k,mean_abs_luma_delta,delta_endpoints_per_1k_skel_px,168,0.019701987558651487,0.11349212510272909
FF02_detector_compatible,msfi_50k,mean_abs_luma_delta,delta_pred_edge_density,168,0.011145143306743245,0.10017912405061993
FF02_detector_compatible,msfi_50k,mean_abs_chroma_delta,delta_boundary_f1_tol,168,-0.011785025667639755,-0.015438367380304192
FF02_detector_compatible,msfi_50k,mean_abs_chroma_delta,delta_boundary_precision_tol,168,-0.05737605344728234,-0.08172717367947262
FF02_detector_compatible,msfi_50k,mean_abs_chroma_delta,delta_boundary_recall_tol,168,0.20279446744383525,0.17394721895736304
FF02_detector_compatible,msfi_50k,mean_abs_chroma_delta,delta_false_edge_ratio_tol,168,0.05737605344728243,0.08172717367947262
FF02_detector_compatible,msfi_50k,mean_abs_chroma_delta,delta_endpoints_per_1k_skel_px,168,0.20107509426063336,0.2116699888100412
FF02_detector_compatible,msfi_50k,mean_abs_chroma_delta,delta_pred_edge_density,168,0.12117475440428178,0.0974634127885946
FF02_detector_compatible,msfi_50k,psnr_vs_raw,delta_boundary_f1_tol,168,0.139475079835692,0.047550171531336914
FF02_detector_compatible,msfi_50k,psnr_vs_raw,delta_boundary_precision_tol,168,0.19873070382756697,0.12662751395717373
FF02_detector_compatible,msfi_50k,psnr_vs_raw,delta_boundary_recall_tol,168,-0.1842348825940277,-0.19374247657753202
FF02_detector_compatible,msfi_50k,psnr_vs_raw,delta_false_edge_ratio_tol,168,-0.19873070382756697,-0.12662751395717373
FF02_detector_compatible,msfi_50k,psnr_vs_raw,delta_endpoints_per_1k_skel_px,168,-0.26135485026365934,-0.23599990185527378
FF02_detector_compatible,msfi_50k,psnr_vs_raw,delta_pred_edge_density,168,-0.21889957657758147,-0.12641429449021974
FF02_detector_compatible,msfi_50k,grad_mean_ratio,delta_boundary_f1_tol,168,0.1649845754024267,0.22815376108191185
FF02_detector_compatible,msfi_50k,grad_mean_ratio,delta_boundary_precision_tol,168,0.15185649799233544,0.20176427638118533
FF02_detector_compatible,msfi_50k,grad_mean_ratio,delta_boundary_recall_tol,168,0.16115590641722152,0.1887304532154392
FF02_detector_compatible,msfi_50k,grad_mean_ratio,delta_false_edge_ratio_tol,168,-0.15185649799233536,-0.20176427638118533
FF02_detector_compatible,msfi_50k,grad_mean_ratio,delta_endpoints_per_1k_skel_px,168,-0.0506137310898195,-0.08027368672382343
FF02_detector_compatible,msfi_50k,grad_mean_ratio,delta_pred_edge_density,168,0.031336888438845044,-0.17192354174240723
FF02_detector_compatible,msfi_50k,luma_std_ratio,delta_boundary_f1_tol,168,-0.042850927807461296,0.06513092874564562
FF02_detector_compatible,msfi_50k,luma_std_ratio,delta_boundary_precision_tol,168,-0.08712262496089743,0.02309554451294523
FF02_detector_compatible,msfi_50k,luma_std_ratio,delta_boundary_recall_tol,168,0.1452221789799199,0.18851975669193718
FF02_detector_compatible,msfi_50k,luma_std_ratio,delta_false_edge_ratio_tol,168,0.08712262496089743,-0.02309554451294523
FF02_detector_compatible,msfi_50k,luma_std_ratio,delta_endpoints_per_1k_skel_px,168,0.17273397739302268,0.10836527479970694
FF02_detector_compatible,msfi_50k,luma_std_ratio,delta_pred_edge_density,168,0.18446546798480087,0.016802596697009297
P27_raw_detail_lowfreq_chroma,diffusionedge_baseline_50k,mean_abs_bgr_delta,delta_boundary_f1_tol,168,0.050217205618738006,0.015694443048211493
P27_raw_detail_lowfreq_chroma,diffusionedge_baseline_50k,mean_abs_bgr_delta,delta_boundary_precision_tol,168,-0.09432611627290313,-0.1242327912845892
P27_raw_detail_lowfreq_chroma,diffusionedge_baseline_50k,mean_abs_bgr_delta,delta_boundary_recall_tol,168,0.2489152392713333,0.1721875320920174
P27_raw_detail_lowfreq_chroma,diffusionedge_baseline_50k,mean_abs_bgr_delta,delta_false_edge_ratio_tol,168,0.09432611627290298,0.1242327912845892
P27_raw_detail_lowfreq_chroma,diffusionedge_baseline_50k,mean_abs_bgr_delta,delta_endpoints_per_1k_skel_px,168,0.1481103019854107,0.09572744866521433
P27_raw_detail_lowfreq_chroma,diffusionedge_baseline_50k,mean_abs_bgr_delta,delta_pred_edge_density,168,0.3946783239909534,0.3308098177234837
P27_raw_detail_lowfreq_chroma,diffusionedge_baseline_50k,mean_abs_luma_delta,delta_boundary_f1_tol,168,0.09450445363959252,0.0510455692458902
P27_raw_detail_lowfreq_chroma,diffusionedge_baseline_50k,mean_abs_luma_delta,delta_boundary_precision_tol,168,-0.051746954361490634,-0.06139193619210048
P27_raw_detail_lowfreq_chroma,diffusionedge_baseline_50k,mean_abs_luma_delta,delta_boundary_recall_tol,168,0.2539122923639577,0.13602867281244757
P27_raw_detail_lowfreq_chroma,diffusionedge_baseline_50k,mean_abs_luma_delta,delta_false_edge_ratio_tol,168,0.05174695436149053,0.06139193619210048
P27_raw_detail_lowfreq_chroma,diffusionedge_baseline_50k,mean_abs_luma_delta,delta_endpoints_per_1k_skel_px,168,0.1611310616370132,0.11365633020021484
P27_raw_detail_lowfreq_chroma,diffusionedge_baseline_50k,mean_abs_luma_delta,delta_pred_edge_density,168,0.3345903839431536,0.32072227965585837
P27_raw_detail_lowfreq_chroma,diffusionedge_baseline_50k,mean_abs_chroma_delta,delta_boundary_f1_tol,168,0.04536814097788727,0.06931522524776136
P27_raw_detail_lowfreq_chroma,diffusionedge_baseline_50k,mean_abs_chroma_delta,delta_boundary_precision_tol,168,-0.05493605020329574,-0.021789365281688282
P27_raw_detail_lowfreq_chroma,diffusionedge_baseline_50k,mean_abs_chroma_delta,delta_boundary_recall_tol,168,0.20978201359870613,0.16407063693458698
P27_raw_detail_lowfreq_chroma,diffusionedge_baseline_50k,mean_abs_chroma_delta,delta_false_edge_ratio_tol,168,0.05493605020329542,0.021789365281688282
P27_raw_detail_lowfreq_chroma,diffusionedge_baseline_50k,mean_abs_chroma_delta,delta_endpoints_per_1k_skel_px,168,0.0384081709192697,-0.0107787972721576
P27_raw_detail_lowfreq_chroma,diffusionedge_baseline_50k,mean_abs_chroma_delta,delta_pred_edge_density,168,0.43520525704824115,0.2885883630709813
P27_raw_detail_lowfreq_chroma,diffusionedge_baseline_50k,psnr_vs_raw,delta_boundary_f1_tol,168,-0.0480243431641138,-0.03721514119995191
P27_raw_detail_lowfreq_chroma,diffusionedge_baseline_50k,psnr_vs_raw,delta_boundary_precision_tol,168,0.060103321229839114,0.08969984902609751
P27_raw_detail_lowfreq_chroma,diffusionedge_baseline_50k,psnr_vs_raw,delta_boundary_recall_tol,168,-0.18936259021009683,-0.1535227804507535
P27_raw_detail_lowfreq_chroma,diffusionedge_baseline_50k,psnr_vs_raw,delta_false_edge_ratio_tol,168,-0.06010332122983895,-0.08969984902609751
P27_raw_detail_lowfreq_chroma,diffusionedge_baseline_50k,psnr_vs_raw,delta_endpoints_per_1k_skel_px,168,-0.1833796647462499,-0.09778000414481385
P27_raw_detail_lowfreq_chroma,diffusionedge_baseline_50k,psnr_vs_raw,delta_pred_edge_density,168,-0.3208238071675212,-0.29910133063282823
P27_raw_detail_lowfreq_chroma,diffusionedge_baseline_50k,grad_mean_ratio,delta_boundary_f1_tol,168,-0.034834615021544967,-0.005059376173742102
P27_raw_detail_lowfreq_chroma,diffusionedge_baseline_50k,grad_mean_ratio,delta_boundary_precision_tol,168,0.01837070265247545,0.03364835831541466
P27_raw_detail_lowfreq_chroma,diffusionedge_baseline_50k,grad_mean_ratio,delta_boundary_recall_tol,168,-0.08158618164074286,-0.09154738519906401
P27_raw_detail_lowfreq_chroma,diffusionedge_baseline_50k,grad_mean_ratio,delta_false_edge_ratio_tol,168,-0.018370702652475483,-0.03364835831541466
P27_raw_detail_lowfreq_chroma,diffusionedge_baseline_50k,grad_mean_ratio,delta_endpoints_per_1k_skel_px,168,-0.05595596009167732,-0.08196521142582851
P27_raw_detail_lowfreq_chroma,diffusionedge_baseline_50k,grad_mean_ratio,delta_pred_edge_density,168,-0.11391744007251653,-0.33835379264056203
P27_raw_detail_lowfreq_chroma,diffusionedge_baseline_50k,luma_std_ratio,delta_boundary_f1_tol,168,-0.07433277759623759,-0.03761756281657272
P27_raw_detail_lowfreq_chroma,diffusionedge_baseline_50k,luma_std_ratio,delta_boundary_precision_tol,168,-0.09703718055062745,-0.036547616990077685
P27_raw_detail_lowfreq_chroma,diffusionedge_baseline_50k,luma_std_ratio,delta_boundary_recall_tol,168,-0.007376731489651633,0.00018225792415482557
P27_raw_detail_lowfreq_chroma,diffusionedge_baseline_50k,luma_std_ratio,delta_false_edge_ratio_tol,168,0.09703718055062702,0.036547616990077685
P27_raw_detail_lowfreq_chroma,diffusionedge_baseline_50k,luma_std_ratio,delta_endpoints_per_1k_skel_px,168,-0.09641045268400657,-0.08089475828737237
P27_raw_detail_lowfreq_chroma,diffusionedge_baseline_50k,luma_std_ratio,delta_pred_edge_density,168,0.07744498422018133,-0.03772620236170183
P27_raw_detail_lowfreq_chroma,msfi_50k,mean_abs_bgr_delta,delta_boundary_f1_tol,168,-0.07054106334942194,-0.03861134803418106
P27_raw_detail_lowfreq_chroma,msfi_50k,mean_abs_bgr_delta,delta_boundary_precision_tol,168,0.12478317368722786,0.18067053557734983
P27_raw_detail_lowfreq_chroma,msfi_50k,mean_abs_bgr_delta,delta_boundary_recall_tol,168,-0.210971287878,-0.21332134866465013
P27_raw_detail_lowfreq_chroma,msfi_50k,mean_abs_bgr_delta,delta_false_edge_ratio_tol,168,-0.12478317368722819,-0.18067053557734983
P27_raw_detail_lowfreq_chroma,msfi_50k,mean_abs_bgr_delta,delta_endpoints_per_1k_skel_px,168,-0.07022156434892027,-0.09578352058464307
P27_raw_detail_lowfreq_chroma,msfi_50k,mean_abs_bgr_delta,delta_pred_edge_density,168,-0.42411778010212847,-0.3203002162494807
P27_raw_detail_lowfreq_chroma,msfi_50k,mean_abs_luma_delta,delta_boundary_f1_tol,168,-0.08450797407456508,-0.08479645573725002
P27_raw_detail_lowfreq_chroma,msfi_50k,mean_abs_luma_delta,delta_boundary_precision_tol,168,0.1145735080983058,0.15545531796472437
P27_raw_detail_lowfreq_chroma,msfi_50k,mean_abs_luma_delta,delta_boundary_recall_tol,168,-0.24431333197637248,-0.27909096573974684
P27_raw_detail_lowfreq_chroma,msfi_50k,mean_abs_luma_delta,delta_false_edge_ratio_tol,168,-0.11457350809830627,-0.15545531796472437
P27_raw_detail_lowfreq_chroma,msfi_50k,mean_abs_luma_delta,delta_endpoints_per_1k_skel_px,168,-0.1517166566459082,-0.1917894010446888
P27_raw_detail_lowfreq_chroma,msfi_50k,mean_abs_luma_delta,delta_pred_edge_density,168,-0.48428438805211976,-0.5096389659396582
P27_raw_detail_lowfreq_chroma,msfi_50k,mean_abs_chroma_delta,delta_boundary_f1_tol,168,-0.12559320766385995,-0.012856951233196105
P27_raw_detail_lowfreq_chroma,msfi_50k,mean_abs_chroma_delta,delta_boundary_precision_tol,168,0.09720511718312196,0.1536759997794621
P27_raw_detail_lowfreq_chroma,msfi_50k,mean_abs_chroma_delta,delta_boundary_recall_tol,168,-0.23876758400612977,-0.16221211951081102
P27_raw_detail_lowfreq_chroma,msfi_50k,mean_abs_chroma_delta,delta_false_edge_ratio_tol,168,-0.09720511718312226,-0.1536759997794621
P27_raw_detail_lowfreq_chroma,msfi_50k,mean_abs_chroma_delta,delta_endpoints_per_1k_skel_px,168,-0.06271994764057537,-0.06866142796234795
P27_raw_detail_lowfreq_chroma,msfi_50k,mean_abs_chroma_delta,delta_pred_edge_density,168,-0.42645069499659594,-0.2491918497561603
P27_raw_detail_lowfreq_chroma,msfi_50k,psnr_vs_raw,delta_boundary_f1_tol,168,0.03248134121358174,0.013833877055246045
P27_raw_detail_lowfreq_chroma,msfi_50k,psnr_vs_raw,delta_boundary_precision_tol,168,-0.162630217804398,-0.22493084328721863
P27_raw_detail_lowfreq_chroma,msfi_50k,psnr_vs_raw,delta_boundary_recall_tol,168,0.22161488755438358,0.2439047417404331
P27_raw_detail_lowfreq_chroma,msfi_50k,psnr_vs_raw,delta_false_edge_ratio_tol,168,0.16263021780439832,0.22493084328721863
P27_raw_detail_lowfreq_chroma,msfi_50k,psnr_vs_raw,delta_endpoints_per_1k_skel_px,168,0.13367496944156496,0.14144133406361872
P27_raw_detail_lowfreq_chroma,msfi_50k,psnr_vs_raw,delta_pred_edge_density,168,0.4957229147705763,0.4750816376421611
P27_raw_detail_lowfreq_chroma,msfi_50k,grad_mean_ratio,delta_boundary_f1_tol,168,0.05803896009256402,0.04877542601695971
P27_raw_detail_lowfreq_chroma,msfi_50k,grad_mean_ratio,delta_boundary_precision_tol,168,-0.13581513957648844,-0.1800858986216671
P27_raw_detail_lowfreq_chroma,msfi_50k,grad_mean_ratio,delta_boundary_recall_tol,168,0.2331545981702612,0.2810006468384808
P27_raw_detail_lowfreq_chroma,msfi_50k,grad_mean_ratio,delta_false_edge_ratio_tol,168,0.13581513957648883,0.1800858986216671
P27_raw_detail_lowfreq_chroma,msfi_50k,grad_mean_ratio,delta_endpoints_per_1k_skel_px,168,0.07987459392325094,0.1901231330507118
P27_raw_detail_lowfreq_chroma,msfi_50k,grad_mean_ratio,delta_pred_edge_density,168,0.289781175817829,0.551335338314045
P27_raw_detail_lowfreq_chroma,msfi_50k,luma_std_ratio,delta_boundary_f1_tol,168,-0.10211261832543822,-0.12379624264184139
P27_raw_detail_lowfreq_chroma,msfi_50k,luma_std_ratio,delta_boundary_precision_tol,168,-0.07867016948525041,-0.13142942471257357
P27_raw_detail_lowfreq_chroma,msfi_50k,luma_std_ratio,delta_boundary_recall_tol,168,-0.01660609198559298,-0.039732227465751974
P27_raw_detail_lowfreq_chroma,msfi_50k,luma_std_ratio,delta_false_edge_ratio_tol,168,0.07867016948525035,0.13142942471257357
P27_raw_detail_lowfreq_chroma,msfi_50k,luma_std_ratio,delta_endpoints_per_1k_skel_px,168,-0.04397993779415491,-0.0015235542959334068
P27_raw_detail_lowfreq_chroma,msfi_50k,luma_std_ratio,delta_pred_edge_density,168,0.07223551323398208,0.1884677951834725
